SessionId,StartDateTime(UTC),SessionOutcome,OutcomeReason,IsResolvedImplied,Turns,ChatTranscript,InitialUserMessage,TopicName,TopicId,Channel,CSAT,Comments
772fe4cb-4704-4928-aded-c22087675b65-910decda-0812-4626-8bd6-d507a30b4c4f-1,9.1.2026 11:42:21 AM,Resolved,Resolved,true,28,Agent says: <speak version=1.0 xml:lang=de-DE xmlns:mstts=http://www.w3.org/2001/mstts xmlns=http://www.w3.org/2001/10/synthesis><voice name=de-DE-ConradNeural xmlns=><prosody rate=0% pitch=0%>Willkommen beim technischen Service der Firma <sub alias=Airko>AIRCO</sub> Systems GmbH. Sie sprechen mit unserem digitalen Service-Assistenten. Zur Bearbeitung Ihres Anliegens wird dieses Gespräch transkribiert und verarbeitet.</prosody></voice></speak>;Agent says: <speak version=1.0 xml:lang=de-DE xmlns:mstts=http://www.w3.org/2001/mstts xmlns=http://www.w3.org/2001/10/synthesis><voice name=de-DE-ConradNeural xmlns=><prosody rate=0% pitch=0%>Für welche Firma rufen Sie an?</prosody></voice></speak>;User says: Bestfirma;Agent says: <speak version=1.0 xml:lang=de-DE xmlns:mstts=http://www.w3.org/2001/mstts xmlns=http://www.w3.org/2001/10/synthesis><voice name=de-DE-ConradNeural xmlns=><prosody rate=0% pitch=0%>Wie ist Ihr Name?</prosody></voice></speak>;Agent says: <speak version=1.0 xml:lang=de-DE xmlns:mstts=http://www.w3.org/2001/mstts xmlns=http://www.w3.org/2001/10/synthesis><voice name=de-DE-ConradNeural xmlns=><prosody rate=0% pitch=0%>Wie ist Ihr Name?</prosody></voice></speak>;User says: Comarova;Agent says: <speak version=1.0 xml:lang=de-DE xmlns:mstts=http://www.w3.org/2001/mstts xmlns=http://www.w3.org/2001/10/synthesis><voice name=de-DE-ConradNeural xmlns=><prosody rate=0% pitch=0%>Unter welcher Nummer können wir Sie erreichen?</prosody></voice></speak>;User says: Plus 38641585077;Agent says: <speak version=1.0 xml:lang=de-DE xmlns:mstts=http://www.w3.org/2001/mstts xmlns=http://www.w3.org/2001/10/synthesis><voice name=de-DE-ConradNeural xmlns=><prosody rate=0% pitch=0%>Bitte teilen Sie uns die Anlagenbezeichnung Serialnummer und das Baujahr mit.</prosody></voice></speak>;User says: 41;Agent says: <speak version=1.0 xml:lang=de-DE xmlns:mstts=http://www.w3.org/2001/mstts xmlns=http://www.w3.org/2001/10/synthesis><voice name=de-DE-ConradNeural xmlns=><prosody rate=0% pitch=0%>Bitte beschreiben Sie nun Ihr Anliegen.</prosody></voice></speak>;User says: Welche Produkte sind verfügbar;Agent says: <speak version=1.0 xml:lang=de-DE xmlns:mstts=http://www.w3.org/2001/mstts xmlns=http://www.w3.org/2001/10/synthesis><voice name=de-DE-ConradNeural xmlns=><prosody rate=0% pitch=0%>Ich fasse Ihre Angaben zusammen. Sie rufen für die Firma Bestfirma an. Ihr Name lautet Comarova und Sie sind unter 3 8 6 4 1 5 8 5 0 7 7 erreichbar. Ist das so korrekt? Sie können Ja oder Nein sagen.</prosody></voice></speak>;User says: Nein;Agent says: <speak version=1.0 xml:lang=de-DE xmlns:mstts=http://www.w3.org/2001/mstts xmlns=http://www.w3.org/2001/10/synthesis><voice name=de-DE-ConradNeural xmlns=><prosody rate=0% pitch=0%>Welche Angabe war nicht korrekt? Der Firmenname der Ansprechpartnername oder die Telefonnummer?</prosody></voice></speak>;User says: Firmenname;Agent says: <speak version=1.0 xml:lang=de-DE xmlns:mstts=http://www.w3.org/2001/mstts xmlns=http://www.w3.org/2001/10/synthesis><voice name=de-DE-ConradNeural xmlns=><prosody rate=0% pitch=0%>Wie lautet der richtige Firmenname?</prosody></voice></speak>;User says: Der richtige Name ist Testfirma;Agent says: <speak version=1.0 xml:lang=de-DE xmlns:mstts=http://www.w3.org/2001/mstts xmlns=http://www.w3.org/2001/10/synthesis><voice name=de-DE-ConradNeural xmlns=><prosody rate=0% pitch=0%>Ich fasse Ihre Angaben zusammen. Sie rufen für die Firma Der richtige Name ist Testfirma an. Ihr Name lautet Comarova und Sie sind unter 3 8 6 4 1 5 8 5 0 7 7 erreichbar. Ist das so korrekt? Sie können Ja oder Nein sagen.</prosody></voice></speak>;Agent says: <speak version=1.0 xml:lang=de-DE xmlns:mstts=http://www.w3.org/2001/mstts xmlns=http://www.w3.org/2001/10/synthesis><voice name=de-DE-ConradNeural xmlns=><prosody rate=0% pitch=0%>Ich fasse Ihre Angaben zusammen. Sie rufen für die Firma Der richtige Name ist Testfirma an. Ihr Name lautet Comarova und Sie sind unter 3 8 6 4 1 5 8 5 0 7 7 erreichbar. Ist das so korrekt? Sie können Ja oder Nein sagen.</prosody></voice></speak>;User says: Nein;Agent says: <speak version=1.0 xml:lang=de-DE xmlns:mstts=http://www.w3.org/2001/mstts xmlns=http://www.w3.org/2001/10/synthesis><voice name=de-DE-ConradNeural xmlns=><prosody rate=0% pitch=0%>Welche Angabe war nicht korrekt? Der Firmenname der Ansprechpartnername oder die Telefonnummer?</prosody></voice></speak>;User says: Der Firmenname;Agent says: <speak version=1.0 xml:lang=de-DE xmlns:mstts=http://www.w3.org/2001/mstts xmlns=http://www.w3.org/2001/10/synthesis><voice name=de-DE-ConradNeural xmlns=><prosody rate=0% pitch=0%>Wie lautet der richtige Firmenname?</prosody></voice></speak>;User says: Testfirma;Agent says: <speak version=1.0 xml:lang=de-DE xmlns:mstts=http://www.w3.org/2001/mstts xmlns=http://www.w3.org/2001/10/synthesis><voice name=de-DE-ConradNeural xmlns=><prosody rate=0% pitch=0%>Ich fasse Ihre Angaben zusammen. Sie rufen für die Firma Testfirma an. Ihr Name lautet Comarova und Sie sind unter 3 8 6 4 1 5 8 5 0 7 7 erreichbar. Ist das so korrekt? Sie können Ja oder Nein sagen.</prosody></voice></speak>;User says: Ja;Agent says: <speak version=1.0 xml:lang=de-DE xmlns:mstts=http://www.w3.org/2001/mstts xmlns=http://www.w3.org/2001/10/synthesis><voice name=de-DE-ConradNeural xmlns=><prosody rate=0% pitch=0%>Vielen Dank ich habe Ihr Anliegen weitergeleitet. Ein Mitarbeiter wird sich zeitnah bei Ihnen melden. Auf Wiederhören!</prosody></voice></speak>;,Bestfirma,,,conversationconductor,,
3f7be9ca-a2ea-4d22-b05d-8fc5a67d3ef7-3f4bf488-acae-49dd-8b5c-c6fc843aa59c-1,9.1.2026 11:49:48 AM,Abandoned,UserExit,,15,Agent says: <speak version=1.0 xml:lang=de-DE xmlns:mstts=http://www.w3.org/2001/mstts xmlns=http://www.w3.org/2001/10/synthesis><voice name=de-DE-ConradNeural xmlns=><prosody rate=0% pitch=0%>Willkommen beim technischen Service der Firma <sub alias=Airko>AIRCO</sub> Systems GmbH. Sie sprechen mit unserem digitalen Service-Assistenten. Zur Bearbeitung Ihres Anliegens wird dieses Gespräch transkribiert und verarbeitet.</prosody></voice></speak>;Agent says: <speak version=1.0 xml:lang=de-DE xmlns:mstts=http://www.w3.org/2001/mstts xmlns=http://www.w3.org/2001/10/synthesis><voice name=de-DE-ConradNeural xmlns=><prosody rate=0% pitch=0%>Für welche Firma rufen Sie an?</prosody></voice></speak>;User says: Testfirma;Agent says: <speak version=1.0 xml:lang=de-DE xmlns:mstts=http://www.w3.org/2001/mstts xmlns=http://www.w3.org/2001/10/synthesis><voice name=de-DE-ConradNeural xmlns=><prosody rate=0% pitch=0%>Wie ist Ihr Name?</prosody></voice></speak>;User says: Kommadova;Agent says: <speak version=1.0 xml:lang=de-DE xmlns:mstts=http://www.w3.org/2001/mstts xmlns=http://www.w3.org/2001/10/synthesis><voice name=de-DE-ConradNeural xmlns=><prosody rate=0% pitch=0%>Unter welcher Nummer können wir Sie erreichen?</prosody></voice></speak>;User says: Plus 348505757;Agent says: <speak version=1.0 xml:lang=de-DE xmlns:mstts=http://www.w3.org/2001/mstts xmlns=http://www.w3.org/2001/10/synthesis><voice name=de-DE-ConradNeural xmlns=><prosody rate=0% pitch=0%>Bitte teilen Sie uns die Anlagenbezeichnung Serialnummer und das Baujahr mit.</prosody></voice></speak>;Agent says: <speak version=1.0 xml:lang=de-DE xmlns:mstts=http://www.w3.org/2001/mstts xmlns=http://www.w3.org/2001/10/synthesis><voice name=de-DE-ConradNeural xmlns=><prosody rate=0% pitch=0%>Bitte teilen Sie uns die Anlagenbezeichnung Serialnummer und das Baujahr mit.</prosody></voice></speak>;User says: 07;Agent says: <speak version=1.0 xml:lang=de-DE xmlns:mstts=http://www.w3.org/2001/mstts xmlns=http://www.w3.org/2001/10/synthesis><voice name=de-DE-ConradNeural xmlns=><prosody rate=0% pitch=0%>Bitte beschreiben Sie nun Ihr Anliegen.</prosody></voice></speak>;User says: Welche Produkte sind verfügbar;Agent says: <speak version=1.0 xml:lang=de-DE xmlns:mstts=http://www.w3.org/2001/mstts xmlns=http://www.w3.org/2001/10/synthesis><voice name=de-DE-ConradNeural xmlns=><prosody rate=0% pitch=0%>Ich fasse Ihre Angaben zusammen. Sie rufen für die Firma Testfirma an. Ihr Name lautet Kommadova und Sie sind unter 3 4 8 5 0 5 7 5 7 erreichbar. Ist das so korrekt? Sie können Ja oder Nein sagen.</prosody></voice></speak>;User says: Ja;Agent says: <speak version=1.0 xml:lang=de-DE xmlns:mstts=http://www.w3.org/2001/mstts xmlns=http://www.w3.org/2001/10/synthesis><voice name=de-DE-ConradNeural xmlns=><prosody rate=0% pitch=0%>Vielen Dank ich habe Ihr Anliegen weitergeleitet. Ein Mitarbeiter wird sich zeitnah bei Ihnen melden. Auf Wiederhören!</prosody></voice></speak>;,Testfirma,,,conversationconductor,,
a:13CMm0bS4YPma2EfPgahn4xX6HnA4CtxJ1Z9Z2It5F2jM3_ub4-tTmJQrbW5n50DLvAw7cQ8OrnK2fiT9Hi_FCj22sGS8U3tFMpUfEF8ux_FSRrkfFdAMDTRVAZAaj36j-8f934ea1-af55-4b22-a74b-d7d45b8de7d9-1,9.1.2026 8:44:58 AM,Abandoned,UserExit,,14,Agent says: Willkommen beim technischen Service der Firma AIRCO Systems GmbH. Ich bin der digitale Service-Assistent. Zur Bearbeitung Ihres Anliegens wird dieses Gespräch mittels KI verarbeitet.;Agent says: Für welche Firma kontaktieren Sie uns?;User says: Uwe AG;Agent says: Wie ist Ihr Name?;User says: Jannik;Agent says: Unter welcher Nummer können wir Sie erreichen?;User says: '+49172881525;Agent says: Bitte teilen Sie uns die Anlagenbezeichnung Serialnummer und das Baujahr mit.;User says: PSAL 74SN 2027-26159 2027;Agent says: Bitte beschreiben Sie nun Ihr Anliegen.;User says: Die Anlage ist nur am abpuffen und es geht nix in die Bündel;Agent says: Ich fasse Ihre Angaben zusammen:- Firma: Uwe AG- Ansprechpartner: Jannik- Telefonnummer: +49172881525Ist das so korrekt?;User says: Ja;Agent says: Vielen Dank ich habe Ihr Anliegen weitergeleitet. Ein Mitarbeiter wird sich zeitnah bei Ihnen melden. Auf Wiederhören.;,Uwe AG,,,msteams,,
4254f75c-bbde-4dd2-aa20-cbb6450dbbb6-1f3ebecb-a13e-4f13-a6b9-9efe39364e1a-1,9.1.2026 6:44:06 AM,Abandoned,UserExit,,14,Agent says: <speak version=1.0 xml:lang=de-DE xmlns:mstts=http://www.w3.org/2001/mstts xmlns=http://www.w3.org/2001/10/synthesis><voice name=de-DE-ConradNeural xmlns=><prosody rate=0% pitch=0%>Willkommen beim technischen Service der Firma <sub alias=Airko>AIRCO</sub> Systems GmbH. Sie sprechen mit unserem digitalen Service-Assistenten. Zur Bearbeitung Ihres Anliegens wird dieses Gespräch transkribiert und verarbeitet.</prosody></voice></speak>;Agent says: <speak version=1.0 xml:lang=de-DE xmlns:mstts=http://www.w3.org/2001/mstts xmlns=http://www.w3.org/2001/10/synthesis><voice name=de-DE-ConradNeural xmlns=><prosody rate=0% pitch=0%>Für welche Firma rufen Sie an?</prosody></voice></speak>;User says: Klöckner Kaufung;Agent says: <speak version=1.0 xml:lang=de-DE xmlns:mstts=http://www.w3.org/2001/mstts xmlns=http://www.w3.org/2001/10/synthesis><voice name=de-DE-ConradNeural xmlns=><prosody rate=0% pitch=0%>Wie ist Ihr Name?</prosody></voice></speak>;User says: Kevin Barth;Agent says: <speak version=1.0 xml:lang=de-DE xmlns:mstts=http://www.w3.org/2001/mstts xmlns=http://www.w3.org/2001/10/synthesis><voice name=de-DE-ConradNeural xmlns=><prosody rate=0% pitch=0%>Unter welcher Nummer können wir Sie erreichen?</prosody></voice></speak>;User says: Plus 491736585;Agent says: <speak version=1.0 xml:lang=de-DE xmlns:mstts=http://www.w3.org/2001/mstts xmlns=http://www.w3.org/2001/10/synthesis><voice name=de-DE-ConradNeural xmlns=><prosody rate=0% pitch=0%>Bitte teilen Sie uns die Anlagenbezeichnung Serialnummer und das Baujahr mit.</prosody></voice></speak>;User says: TSAL 100 aus 2015;Agent says: <speak version=1.0 xml:lang=de-DE xmlns:mstts=http://www.w3.org/2001/mstts xmlns=http://www.w3.org/2001/10/synthesis><voice name=de-DE-ConradNeural xmlns=><prosody rate=0% pitch=0%>Bitte beschreiben Sie nun Ihr Anliegen.</prosody></voice></speak>;User says: Wir haben eine Störung Druck Taupunkt liegt bei 28 Grad die Anlage steht;Agent says: <speak version=1.0 xml:lang=de-DE xmlns:mstts=http://www.w3.org/2001/mstts xmlns=http://www.w3.org/2001/10/synthesis><voice name=de-DE-ConradNeural xmlns=><prosody rate=0% pitch=0%>Ich fasse Ihre Angaben zusammen. Sie rufen für die Firma Klöckner Kaufung an. Ihr Name lautet Kevin Barth und Sie sind unter 4 9 1 7 3 6 5 8 5 erreichbar. Ist das so korrekt? Sie können Ja oder Nein sagen.</prosody></voice></speak>;User says: Ja;Agent says: <speak version=1.0 xml:lang=de-DE xmlns:mstts=http://www.w3.org/2001/mstts xmlns=http://www.w3.org/2001/10/synthesis><voice name=de-DE-ConradNeural xmlns=><prosody rate=0% pitch=0%>Vielen Dank ich habe Ihr Anliegen weitergeleitet. Ein Mitarbeiter wird sich zeitnah bei Ihnen melden. Auf Wiederhören!</prosody></voice></speak>;,Klöckner Kaufung,,,conversationconductor,,
0a47e004-8523-4f2c-9131-bd6583079c36-aef2f98b-5a7b-4196-82a8-0e2e422758b0-1,9.1.2026 6:45:51 AM,Abandoned,UserExit,,15,Agent says: <speak version=1.0 xml:lang=de-DE xmlns:mstts=http://www.w3.org/2001/mstts xmlns=http://www.w3.org/2001/10/synthesis><voice name=de-DE-ConradNeural xmlns=><prosody rate=0% pitch=0%>Willkommen beim technischen Service der Firma <sub alias=Airko>AIRCO</sub> Systems GmbH. Sie sprechen mit unserem digitalen Service-Assistenten. Zur Bearbeitung Ihres Anliegens wird dieses Gespräch transkribiert und verarbeitet.</prosody></voice></speak>;Agent says: <speak version=1.0 xml:lang=de-DE xmlns:mstts=http://www.w3.org/2001/mstts xmlns=http://www.w3.org/2001/10/synthesis><voice name=de-DE-ConradNeural xmlns=><prosody rate=0% pitch=0%>Für welche Firma rufen Sie an?</prosody></voice></speak>;User says: Prematik AG;Agent says: <speak version=1.0 xml:lang=de-DE xmlns:mstts=http://www.w3.org/2001/mstts xmlns=http://www.w3.org/2001/10/synthesis><voice name=de-DE-ConradNeural xmlns=><prosody rate=0% pitch=0%>Wie ist Ihr Name?</prosody></voice></speak>;User says: Detlef;Agent says: <speak version=1.0 xml:lang=de-DE xmlns:mstts=http://www.w3.org/2001/mstts xmlns=http://www.w3.org/2001/10/synthesis><voice name=de-DE-ConradNeural xmlns=><prosody rate=0% pitch=0%>Unter welcher Nummer können wir Sie erreichen?</prosody></voice></speak>;User says: Plus 41765936;Agent says: <speak version=1.0 xml:lang=de-DE xmlns:mstts=http://www.w3.org/2001/mstts xmlns=http://www.w3.org/2001/10/synthesis><voice name=de-DE-ConradNeural xmlns=><prosody rate=0% pitch=0%>Bitte teilen Sie uns die Anlagenbezeichnung Serialnummer und das Baujahr mit.</prosody></voice></speak>;Agent says: <speak version=1.0 xml:lang=de-DE xmlns:mstts=http://www.w3.org/2001/mstts xmlns=http://www.w3.org/2001/10/synthesis><voice name=de-DE-ConradNeural xmlns=><prosody rate=0% pitch=0%>Bitte teilen Sie uns die Anlagenbezeichnung Serialnummer und das Baujahr mit.</prosody></voice></speak>;User says: Gibt 1541 2010;Agent says: <speak version=1.0 xml:lang=de-DE xmlns:mstts=http://www.w3.org/2001/mstts xmlns=http://www.w3.org/2001/10/synthesis><voice name=de-DE-ConradNeural xmlns=><prosody rate=0% pitch=0%>Bitte beschreiben Sie nun Ihr Anliegen.</prosody></voice></speak>;User says: Robin ich brauch mal einen Rückruf die Anlage steht ich komm nicht weiter ich brauch support dringend;Agent says: <speak version=1.0 xml:lang=de-DE xmlns:mstts=http://www.w3.org/2001/mstts xmlns=http://www.w3.org/2001/10/synthesis><voice name=de-DE-ConradNeural xmlns=><prosody rate=0% pitch=0%>Ich fasse Ihre Angaben zusammen. Sie rufen für die Firma Prematik AG an. Ihr Name lautet Detlef und Sie sind unter 4 1 7 6 5 9 3 6 erreichbar. Ist das so korrekt? Sie können Ja oder Nein sagen.</prosody></voice></speak>;User says: Ist korrekt;Agent says: <speak version=1.0 xml:lang=de-DE xmlns:mstts=http://www.w3.org/2001/mstts xmlns=http://www.w3.org/2001/10/synthesis><voice name=de-DE-ConradNeural xmlns=><prosody rate=0% pitch=0%>Vielen Dank ich habe Ihr Anliegen weitergeleitet. Ein Mitarbeiter wird sich zeitnah bei Ihnen melden. Auf Wiederhören!</prosody></voice></speak>;,Prematik AG,,,conversationconductor,,
d6b529ac-e882-4d38-ab09-c1fb05627dd0-f8e1d766-ec5a-48c7-9e80-da190fea6166-1,9.1.2026 5:30:05 AM,Abandoned,UserExit,,20,Agent says: <speak version=1.0 xml:lang=de-DE xmlns:mstts=http://www.w3.org/2001/mstts xmlns=http://www.w3.org/2001/10/synthesis><voice name=de-DE-ConradNeural xmlns=><prosody rate=0% pitch=0%>Willkommen beim technischen Service der Firma <sub alias=Airko>AIRCO</sub> Systems GmbH. Sie sprechen mit unserem digitalen Service-Assistenten. Zur Bearbeitung Ihres Anliegens wird dieses Gespräch transkribiert und verarbeitet.</prosody></voice></speak>;Agent says: <speak version=1.0 xml:lang=de-DE xmlns:mstts=http://www.w3.org/2001/mstts xmlns=http://www.w3.org/2001/10/synthesis><voice name=de-DE-ConradNeural xmlns=><prosody rate=0% pitch=0%>Für welche Firma rufen Sie an?</prosody></voice></speak>;User says: Uhr GMBH;Agent says: <speak version=1.0 xml:lang=de-DE xmlns:mstts=http://www.w3.org/2001/mstts xmlns=http://www.w3.org/2001/10/synthesis><voice name=de-DE-ConradNeural xmlns=><prosody rate=0% pitch=0%>Wie ist Ihr Name?</prosody></voice></speak>;User says: Yannick;Agent says: <speak version=1.0 xml:lang=de-DE xmlns:mstts=http://www.w3.org/2001/mstts xmlns=http://www.w3.org/2001/10/synthesis><voice name=de-DE-ConradNeural xmlns=><prosody rate=0% pitch=0%>Unter welcher Nummer können wir Sie erreichen?</prosody></voice></speak>;User says: 156375;Agent says: <speak version=1.0 xml:lang=de-DE xmlns:mstts=http://www.w3.org/2001/mstts xmlns=http://www.w3.org/2001/10/synthesis><voice name=de-DE-ConradNeural xmlns=><prosody rate=0% pitch=0%>Unter welcher Nummer können wir Sie erreichen?</prosody></voice></speak>;User says: 1536578;Agent says: <speak version=1.0 xml:lang=de-DE xmlns:mstts=http://www.w3.org/2001/mstts xmlns=http://www.w3.org/2001/10/synthesis><voice name=de-DE-ConradNeural xmlns=><prosody rate=0% pitch=0%>Bitte teilen Sie uns die Anlagenbezeichnung Serialnummer und das Baujahr mit.</prosody></voice></speak>;User says: Das ist äh Atlas Copco GA 75 aus fuffzehn;Agent says: <speak version=1.0 xml:lang=de-DE xmlns:mstts=http://www.w3.org/2001/mstts xmlns=http://www.w3.org/2001/10/synthesis><voice name=de-DE-ConradNeural xmlns=><prosody rate=0% pitch=0%>Bitte beschreiben Sie nun Ihr Anliegen.</prosody></voice></speak>;User says: An Zapfsäule 3 kommt kein Bier mehr raus;Agent says: <speak version=1.0 xml:lang=de-DE xmlns:mstts=http://www.w3.org/2001/mstts xmlns=http://www.w3.org/2001/10/synthesis><voice name=de-DE-ConradNeural xmlns=><prosody rate=0% pitch=0%>Ich fasse Ihre Angaben zusammen. Sie rufen für die Firma Uhr GMBH an. Ihr Name lautet Yannick und Sie sind unter 1 5 3 6 5 7 8 erreichbar. Ist das so korrekt? Sie können Ja oder Nein sagen.</prosody></voice></speak>;User says: Nein Firmenname ist falsch;Agent says: <speak version=1.0 xml:lang=de-DE xmlns:mstts=http://www.w3.org/2001/mstts xmlns=http://www.w3.org/2001/10/synthesis><voice name=de-DE-ConradNeural xmlns=><prosody rate=0% pitch=0%>Wie lautet der richtige Firmenname?</prosody></voice></speak>;User says: Uwe GMBH;Agent says: <speak version=1.0 xml:lang=de-DE xmlns:mstts=http://www.w3.org/2001/mstts xmlns=http://www.w3.org/2001/10/synthesis><voice name=de-DE-ConradNeural xmlns=><prosody rate=0% pitch=0%>Ich fasse Ihre Angaben zusammen. Sie rufen für die Firma Uwe GMBH an. Ihr Name lautet Yannick und Sie sind unter 1 5 3 6 5 7 8 erreichbar. Ist das so korrekt? Sie können Ja oder Nein sagen.</prosody></voice></speak>;User says: Ja;Agent says: <speak version=1.0 xml:lang=de-DE xmlns:mstts=http://www.w3.org/2001/mstts xmlns=http://www.w3.org/2001/10/synthesis><voice name=de-DE-ConradNeural xmlns=><prosody rate=0% pitch=0%>Vielen Dank ich habe Ihr Anliegen weitergeleitet. Ein Mitarbeiter wird sich zeitnah bei Ihnen melden. Auf Wiederhören!</prosody></voice></speak>;,Uhr GMBH,,,conversationconductor,,
983586c1-2fad-4aac-9900-9eff165af157-b0534afa-251d-4124-9a12-4def12cd9560-1,9.1.2026 5:22:58 AM,Resolved,UserError,true,46,Agent says: <speak version=1.0 xml:lang=de-DE xmlns:mstts=http://www.w3.org/2001/mstts xmlns=http://www.w3.org/2001/10/synthesis><voice name=de-DE-ConradNeural xmlns=><prosody rate=0% pitch=0%>Willkommen beim technischen Service der Firma <sub alias=Airko>AIRCO</sub> Systems GmbH. Sie sprechen mit unserem digitalen Service-Assistenten. Zur Bearbeitung Ihres Anliegens wird dieses Gespräch transkribiert und verarbeitet.</prosody></voice></speak>;Agent says: <speak version=1.0 xml:lang=de-DE xmlns:mstts=http://www.w3.org/2001/mstts xmlns=http://www.w3.org/2001/10/synthesis><voice name=de-DE-ConradNeural xmlns=><prosody rate=0% pitch=0%>Für welche Firma rufen Sie an?</prosody></voice></speak>;User says: From bro Monta;Agent says: <speak version=1.0 xml:lang=de-DE xmlns:mstts=http://www.w3.org/2001/mstts xmlns=http://www.w3.org/2001/10/synthesis><voice name=de-DE-ConradNeural xmlns=><prosody rate=0% pitch=0%>Wie ist Ihr Name?</prosody></voice></speak>;User says: I'm Ronald;Agent says: <speak version=1.0 xml:lang=de-DE xmlns:mstts=http://www.w3.org/2001/mstts xmlns=http://www.w3.org/2001/10/synthesis><voice name=de-DE-ConradNeural xmlns=><prosody rate=0% pitch=0%>Unter welcher Nummer können wir Sie erreichen?</prosody></voice></speak>;User says: One Five Six one seven eight nine;Agent says: <speak version=1.0 xml:lang=de-DE xmlns:mstts=http://www.w3.org/2001/mstts xmlns=http://www.w3.org/2001/10/synthesis><voice name=de-DE-ConradNeural xmlns=><prosody rate=0% pitch=0%>Unter welcher Nummer können wir Sie erreichen?</prosody></voice></speak>;User says: One Zero Seven One Five Six Five Nine;Agent says: <speak version=1.0 xml:lang=de-DE xmlns:mstts=http://www.w3.org/2001/mstts xmlns=http://www.w3.org/2001/10/synthesis><voice name=de-DE-ConradNeural xmlns=><prosody rate=0% pitch=0%>Unter welcher Nummer können wir Sie erreichen?</prosody></voice></speak>;Agent says: <speak version=1.0 xml:lang=de-DE xmlns:mstts=http://www.w3.org/2001/mstts xmlns=http://www.w3.org/2001/10/synthesis><voice name=de-DE-ConradNeural xmlns=><prosody rate=0% pitch=0%>Ein Fehler ist aufgetreten. Versuchen Sie es noch einmal.</prosody></voice></speak>;User says: Ja Ah One two three five eight nine;Agent says: <speak version=1.0 xml:lang=de-DE xmlns:mstts=http://www.w3.org/2001/mstts xmlns=http://www.w3.org/2001/10/synthesis><voice name=de-DE-ConradNeural xmlns=><prosody rate=0% pitch=0%>Entschuldigung das habe ich nicht richtig verstanden. Ich nehme Ihr Anliegen gerne trotzdem auf.</prosody></voice></speak>;Agent says: <speak version=1.0 xml:lang=de-DE xmlns:mstts=http://www.w3.org/2001/mstts xmlns=http://www.w3.org/2001/10/synthesis><voice name=de-DE-ConradNeural xmlns=><prosody rate=0% pitch=0%>Bitte beschreiben Sie nun Ihr Anliegen.</prosody></voice></speak>;Agent says: <speak version=1.0 xml:lang=de-DE xmlns:mstts=http://www.w3.org/2001/mstts xmlns=http://www.w3.org/2001/10/synthesis><voice name=de-DE-ConradNeural xmlns=><prosody rate=0% pitch=0%>Bitte beschreiben Sie nun Ihr Anliegen.</prosody></voice></speak>;User says: There is an well it's blow i need help a media;Agent says: <speak version=1.0 xml:lang=de-DE xmlns:mstts=http://www.w3.org/2001/mstts xmlns=http://www.w3.org/2001/10/synthesis><voice name=de-DE-ConradNeural xmlns=><prosody rate=0% pitch=0%>Ich fasse Ihre Angaben zusammen. Sie rufen für die Firma From bro Monta an. Ihr Name lautet Ronald und Sie sind unter  erreichbar. Ist das so korrekt? Sie können Ja oder Nein sagen.</prosody></voice></speak>;User says: I Hope so;Agent says: <speak version=1.0 xml:lang=de-DE xmlns:mstts=http://www.w3.org/2001/mstts xmlns=http://www.w3.org/2001/10/synthesis><voice name=de-DE-ConradNeural xmlns=><prosody rate=0% pitch=0%>Ich fasse Ihre Angaben zusammen. Sie rufen für die Firma From bro Monta an. Ihr Name lautet Ronald und Sie sind unter  erreichbar. Ist das so korrekt? Sie können Ja oder Nein sagen.</prosody></voice></speak>;User says: Ja;Agent says: <speak version=1.0 xml:lang=de-DE xmlns:mstts=http://www.w3.org/2001/mstts xmlns=http://www.w3.org/2001/10/synthesis><voice name=de-DE-ConradNeural xmlns=><prosody rate=0% pitch=0%>Vielen Dank ich habe Ihr Anliegen weitergeleitet. Ein Mitarbeiter wird sich zeitnah bei Ihnen melden. Auf Wiederhören!</prosody></voice></speak>;Agent says: <speak version=1.0 xml:lang=de-DE xmlns:mstts=http://www.w3.org/2001/mstts xmlns=http://www.w3.org/2001/10/synthesis><voice name=de-DE-ConradNeural xmlns=><prosody rate=0% pitch=0%>Ein Fehler ist aufgetreten. Versuchen Sie es noch einmal.</prosody></voice></speak>;User says: Rückruf bitte;Agent says: <speak version=1.0 xml:lang=de-DE xmlns:mstts=http://www.w3.org/2001/mstts xmlns=http://www.w3.org/2001/10/synthesis><voice name=de-DE-ConradNeural xmlns=><prosody rate=0% pitch=0%>Entschuldigung das habe ich nicht richtig verstanden. Ich nehme Ihr Anliegen gerne trotzdem auf.</prosody></voice></speak>;Agent says: <speak version=1.0 xml:lang=de-DE xmlns:mstts=http://www.w3.org/2001/mstts xmlns=http://www.w3.org/2001/10/synthesis><voice name=de-DE-ConradNeural xmlns=><prosody rate=0% pitch=0%>Ich fasse Ihre Angaben zusammen. Sie rufen für die Firma From bro Monta an. Ihr Name lautet Ronald und Sie sind unter  erreichbar. Ist das so korrekt? Sie können Ja oder Nein sagen.</prosody></voice></speak>;User says: Ja ja;Agent says: <speak version=1.0 xml:lang=de-DE xmlns:mstts=http://www.w3.org/2001/mstts xmlns=http://www.w3.org/2001/10/synthesis><voice name=de-DE-ConradNeural xmlns=><prosody rate=0% pitch=0%>Vielen Dank ich habe Ihr Anliegen weitergeleitet. Ein Mitarbeiter wird sich zeitnah bei Ihnen melden. Auf Wiederhören!</prosody></voice></speak>;Agent says: <speak version=1.0 xml:lang=de-DE xmlns:mstts=http://www.w3.org/2001/mstts xmlns=http://www.w3.org/2001/10/synthesis><voice name=de-DE-ConradNeural xmlns=><prosody rate=0% pitch=0%>Ein Fehler ist aufgetreten. Versuchen Sie es noch einmal.</prosody></voice></speak>;User says: Ein Fehler ist aufgetreten ich versuche es noch mal;Agent says: <speak version=1.0 xml:lang=de-DE xmlns:mstts=http://www.w3.org/2001/mstts xmlns=http://www.w3.org/2001/10/synthesis><voice name=de-DE-ConradNeural xmlns=><prosody rate=0% pitch=0%>Entschuldigung das habe ich nicht richtig verstanden. Ich nehme Ihr Anliegen gerne trotzdem auf.</prosody></voice></speak>;Agent says: <speak version=1.0 xml:lang=de-DE xmlns:mstts=http://www.w3.org/2001/mstts xmlns=http://www.w3.org/2001/10/synthesis><voice name=de-DE-ConradNeural xmlns=><prosody rate=0% pitch=0%>Ich fasse Ihre Angaben zusammen. Sie rufen für die Firma From bro Monta an. Ihr Name lautet Ronald und Sie sind unter  erreichbar. Ist das so korrekt? Sie können Ja oder Nein sagen.</prosody></voice></speak>;User says: Ja;Agent says: <speak version=1.0 xml:lang=de-DE xmlns:mstts=http://www.w3.org/2001/mstts xmlns=http://www.w3.org/2001/10/synthesis><voice name=de-DE-ConradNeural xmlns=><prosody rate=0% pitch=0%>Vielen Dank ich habe Ihr Anliegen weitergeleitet. Ein Mitarbeiter wird sich zeitnah bei Ihnen melden. Auf Wiederhören!</prosody></voice></speak>;Agent says: <speak version=1.0 xml:lang=de-DE xmlns:mstts=http://www.w3.org/2001/mstts xmlns=http://www.w3.org/2001/10/synthesis><voice name=de-DE-ConradNeural xmlns=><prosody rate=0% pitch=0%>Ein Fehler ist aufgetreten. Versuchen Sie es noch einmal.</prosody></voice></speak>;User says: Ich versuche es noch mal;Agent says: <speak version=1.0 xml:lang=de-DE xmlns:mstts=http://www.w3.org/2001/mstts xmlns=http://www.w3.org/2001/10/synthesis><voice name=de-DE-ConradNeural xmlns=><prosody rate=0% pitch=0%>Entschuldigung das habe ich nicht richtig verstanden. Ich nehme Ihr Anliegen gerne trotzdem auf.</prosody></voice></speak>;Agent says: <speak version=1.0 xml:lang=de-DE xmlns:mstts=http://www.w3.org/2001/mstts xmlns=http://www.w3.org/2001/10/synthesis><voice name=de-DE-ConradNeural xmlns=><prosody rate=0% pitch=0%>Ich fasse Ihre Angaben zusammen. Sie rufen für die Firma From bro Monta an. Ihr Name lautet Ronald und Sie sind unter  erreichbar. Ist das so korrekt? Sie können Ja oder Nein sagen.</prosody></voice></speak>;User says: Nein Telefonnummer ist falsch;Agent says: <speak version=1.0 xml:lang=de-DE xmlns:mstts=http://www.w3.org/2001/mstts xmlns=http://www.w3.org/2001/10/synthesis><voice name=de-DE-ConradNeural xmlns=><prosody rate=0% pitch=0%>Wie ist Ihre richtige Telefonnummer?</prosody></voice></speak>;User says: 08 fuffzehn 7 für 12;Agent says: <speak version=1.0 xml:lang=de-DE xmlns:mstts=http://www.w3.org/2001/mstts xmlns=http://www.w3.org/2001/10/synthesis><voice name=de-DE-ConradNeural xmlns=><prosody rate=0% pitch=0%>Wie ist Ihre richtige Telefonnummer?</prosody></voice></speak>;User says: 08157411;Agent says: <speak version=1.0 xml:lang=de-DE xmlns:mstts=http://www.w3.org/2001/mstts xmlns=http://www.w3.org/2001/10/synthesis><voice name=de-DE-ConradNeural xmlns=><prosody rate=0% pitch=0%>Ich fasse Ihre Angaben zusammen. Sie rufen für die Firma From bro Monta an. Ihr Name lautet Ronald und Sie sind unter 0 8 1 5 7 4 1 1 erreichbar. Ist das so korrekt? Sie können Ja oder Nein sagen.</prosody></voice></speak>;User says: Ja;Agent says: <speak version=1.0 xml:lang=de-DE xmlns:mstts=http://www.w3.org/2001/mstts xmlns=http://www.w3.org/2001/10/synthesis><voice name=de-DE-ConradNeural xmlns=><prosody rate=0% pitch=0%>Vielen Dank ich habe Ihr Anliegen weitergeleitet. Ein Mitarbeiter wird sich zeitnah bei Ihnen melden. Auf Wiederhören!</prosody></voice></speak>;Agent says: <speak version=1.0 xml:lang=de-DE xmlns:mstts=http://www.w3.org/2001/mstts xmlns=http://www.w3.org/2001/10/synthesis><voice name=de-DE-ConradNeural xmlns=><prosody rate=0% pitch=0%>Ein Fehler ist aufgetreten. Versuchen Sie es noch einmal.</prosody></voice></speak>;,From bro Monta,,,conversationconductor,,
b75fb462-eb79-49ca-a15a-6e79ce9d97f1-7ac7b56d-ec99-43f6-bb88-0f5adceb1a15-1,9.1.2026 5:16:51 AM,Unengaged,NoError,,0,,,,,conversationconductor,,
e925c372-9620-40a8-ade5-8d55fce4ae2f-09e1d878-9231-4938-bf38-36b650a57b82-1,9.1.2026 5:17:12 AM,Abandoned,UserExit,,34,Agent says: <speak version=1.0 xml:lang=de-DE xmlns:mstts=http://www.w3.org/2001/mstts xmlns=http://www.w3.org/2001/10/synthesis><voice name=de-DE-ConradNeural xmlns=><prosody rate=0% pitch=0%>Willkommen beim technischen Service der Firma <sub alias=Airko>AIRCO</sub> Systems GmbH. Sie sprechen mit unserem digitalen Service-Assistenten. Zur Bearbeitung Ihres Anliegens wird dieses Gespräch transkribiert und verarbeitet.</prosody></voice></speak>;Agent says: <speak version=1.0 xml:lang=de-DE xmlns:mstts=http://www.w3.org/2001/mstts xmlns=http://www.w3.org/2001/10/synthesis><voice name=de-DE-ConradNeural xmlns=><prosody rate=0% pitch=0%>Für welche Firma rufen Sie an?</prosody></voice></speak>;User says: 100 private KG;Agent says: <speak version=1.0 xml:lang=de-DE xmlns:mstts=http://www.w3.org/2001/mstts xmlns=http://www.w3.org/2001/10/synthesis><voice name=de-DE-ConradNeural xmlns=><prosody rate=0% pitch=0%>Wie ist Ihr Name?</prosody></voice></speak>;User says: Ich bin der Detlef;Agent says: <speak version=1.0 xml:lang=de-DE xmlns:mstts=http://www.w3.org/2001/mstts xmlns=http://www.w3.org/2001/10/synthesis><voice name=de-DE-ConradNeural xmlns=><prosody rate=0% pitch=0%>Unter welcher Nummer können wir Sie erreichen?</prosody></voice></speak>;User says: Plus 41176534;Agent says: <speak version=1.0 xml:lang=de-DE xmlns:mstts=http://www.w3.org/2001/mstts xmlns=http://www.w3.org/2001/10/synthesis><voice name=de-DE-ConradNeural xmlns=><prosody rate=0% pitch=0%>Bitte teilen Sie uns die Anlagenbezeichnung Serialnummer und das Baujahr mit.</prosody></voice></speak>;User says: Altes bauwei Jahr weiß ich nicht das ist die Zahl von Apple isses;Agent says: <speak version=1.0 xml:lang=de-DE xmlns:mstts=http://www.w3.org/2001/mstts xmlns=http://www.w3.org/2001/10/synthesis><voice name=de-DE-ConradNeural xmlns=><prosody rate=0% pitch=0%>Bitte beschreiben Sie nun Ihr Anliegen.</prosody></voice></speak>;User says: Robin Ruf mich doch mal an das Bäumle brennt das will nicht so;Agent says: <speak version=1.0 xml:lang=de-DE xmlns:mstts=http://www.w3.org/2001/mstts xmlns=http://www.w3.org/2001/10/synthesis><voice name=de-DE-ConradNeural xmlns=><prosody rate=0% pitch=0%>Ich fasse Ihre Angaben zusammen. Sie rufen für die Firma 100 private KG an. Ihr Name lautet I am Detlef und Sie sind unter 4 1 1 7 6 5 3 4 erreichbar. Ist das so korrekt? Sie können Ja oder Nein sagen.</prosody></voice></speak>;User says: Nein;Agent says: <speak version=1.0 xml:lang=de-DE xmlns:mstts=http://www.w3.org/2001/mstts xmlns=http://www.w3.org/2001/10/synthesis><voice name=de-DE-ConradNeural xmlns=><prosody rate=0% pitch=0%>Welche Angabe war nicht korrekt? Der Firmenname der Ansprechpartnername oder die Telefonnummer?</prosody></voice></speak>;User says: Die Telefonnummer;Agent says: <speak version=1.0 xml:lang=de-DE xmlns:mstts=http://www.w3.org/2001/mstts xmlns=http://www.w3.org/2001/10/synthesis><voice name=de-DE-ConradNeural xmlns=><prosody rate=0% pitch=0%>Wie ist Ihre richtige Telefonnummer?</prosody></voice></speak>;User says: Plus 41 für die Schweiz 635467;Agent says: <speak version=1.0 xml:lang=de-DE xmlns:mstts=http://www.w3.org/2001/mstts xmlns=http://www.w3.org/2001/10/synthesis><voice name=de-DE-ConradNeural xmlns=><prosody rate=0% pitch=0%>Wie ist Ihre richtige Telefonnummer?</prosody></voice></speak>;User says: Plus 41167568;Agent says: <speak version=1.0 xml:lang=de-DE xmlns:mstts=http://www.w3.org/2001/mstts xmlns=http://www.w3.org/2001/10/synthesis><voice name=de-DE-ConradNeural xmlns=><prosody rate=0% pitch=0%>Ich fasse Ihre Angaben zusammen. Sie rufen für die Firma 100 private KG an. Ihr Name lautet I am Detlef und Sie sind unter 4 1 1 6 7 5 6 8 erreichbar. Ist das so korrekt? Sie können Ja oder Nein sagen.</prosody></voice></speak>;User says: Nein;Agent says: <speak version=1.0 xml:lang=de-DE xmlns:mstts=http://www.w3.org/2001/mstts xmlns=http://www.w3.org/2001/10/synthesis><voice name=de-DE-ConradNeural xmlns=><prosody rate=0% pitch=0%>Welche Angabe war nicht korrekt? Der Firmenname der Ansprechpartnername oder die Telefonnummer?</prosody></voice></speak>;User says: Firmenname und nach;Agent says: <speak version=1.0 xml:lang=de-DE xmlns:mstts=http://www.w3.org/2001/mstts xmlns=http://www.w3.org/2001/10/synthesis><voice name=de-DE-ConradNeural xmlns=><prosody rate=0% pitch=0%>Wie lautet der richtige Firmenname?</prosody></voice></speak>;User says: Die Prematik AG;Agent says: <speak version=1.0 xml:lang=de-DE xmlns:mstts=http://www.w3.org/2001/mstts xmlns=http://www.w3.org/2001/10/synthesis><voice name=de-DE-ConradNeural xmlns=><prosody rate=0% pitch=0%>Ich fasse Ihre Angaben zusammen. Sie rufen für die Firma Die Prematik AG an. Ihr Name lautet I am Detlef und Sie sind unter 4 1 1 6 7 5 6 8 erreichbar. Ist das so korrekt? Sie können Ja oder Nein sagen.</prosody></voice></speak>;User says: Nein nein;Agent says: <speak version=1.0 xml:lang=de-DE xmlns:mstts=http://www.w3.org/2001/mstts xmlns=http://www.w3.org/2001/10/synthesis><voice name=de-DE-ConradNeural xmlns=><prosody rate=0% pitch=0%>Welche Angabe war nicht korrekt? Der Firmenname der Ansprechpartnername oder die Telefonnummer?</prosody></voice></speak>;User says: Der Name;Agent says: <speak version=1.0 xml:lang=de-DE xmlns:mstts=http://www.w3.org/2001/mstts xmlns=http://www.w3.org/2001/10/synthesis><voice name=de-DE-ConradNeural xmlns=><prosody rate=0% pitch=0%>Wie ist Ihr richtiger Name?</prosody></voice></speak>;User says: Detlef;Agent says: <speak version=1.0 xml:lang=de-DE xmlns:mstts=http://www.w3.org/2001/mstts xmlns=http://www.w3.org/2001/10/synthesis><voice name=de-DE-ConradNeural xmlns=><prosody rate=0% pitch=0%>Ich fasse Ihre Angaben zusammen. Sie rufen für die Firma Die Prematik AG an. Ihr Name lautet Detlef und Sie sind unter 4 1 1 6 7 5 6 8 erreichbar. Ist das so korrekt? Sie können Ja oder Nein sagen.</prosody></voice></speak>;User says: Ja ja;Agent says: <speak version=1.0 xml:lang=de-DE xmlns:mstts=http://www.w3.org/2001/mstts xmlns=http://www.w3.org/2001/10/synthesis><voice name=de-DE-ConradNeural xmlns=><prosody rate=0% pitch=0%>Vielen Dank ich habe Ihr Anliegen weitergeleitet. Ein Mitarbeiter wird sich zeitnah bei Ihnen melden. Auf Wiederhören!</prosody></voice></speak>;,100 private KG,,,conversationconductor,,
